X,Y,Name,description,timestamp,begin,end,altitudeMode,tessellate,extrude,visibility,drawOrder,icon,OBJECTID,ADDRESS,SCHOOL_NAME,WEBSITE,SCHOOL_TYPE,TYPE,STATUS
-79.7493866446099,43.6730635454101,,,,,,,-1,0,-1,,,1,50 LADORE DR,CENTENNIAL SR.P.S.,http://www.peelschools.org,PUBLIC,ELEMENTARY,CURRENT
-79.7670863453114,43.713262750325,,,,,,,-1,0,-1,,,2,435 RUTHERFORD RD N,ST. JOACHIM E.S.,http://www.dpcdsb.org/CEC,CATHOLIC,ELEMENTARY,CURRENT
-79.8265735888327,43.7209536739387,,,,,,,-1,0,-1,,,3,430 VAN KIRK DR,ST. JOSEPHINE BAKHITA CATHOLIC E.S.,http://www.dpcdsb.org/CEC,CATHOLIC,ELEMENTARY,CURRENT
-79.7704608689993,43.7396637129624,,,,,,,-1,0,-1,,,4,415 GREAT LAKES DR,HAROLD M. BRATHWAITE S.S.,http://www.peelschools.org,PUBLIC,SECONDARY,CURRENT
-79.7425217754063,43.7735160679679,,,,,,,-1,0,-1,,,5,40 EAGLE PLAINS DR,EAGLE PLAINS P.S.,http://www.peelschools.org,PUBLIC,ELEMENTARY,CURRENT
-79.7778602747467,43.6883027007047,,,,,,,-1,0,-1,,,6,39 SUNSET BLVD,OUR LADY OF FATIMA E.S.,http://www.dpcdsb.org/CEC,CATHOLIC,ELEMENTARY,CURRENT
-79.7476597712379,43.7085598714769,,,,,,,-1,0,-1,,,7,39 HERKLEY DR,HAROLD F. LOUGHIN P.S.,http://www.peelschools.org,PUBLIC,ELEMENTARY,CURRENT
-79.7721459521032,43.707026241385,,,,,,,-1,0,-1,,,8,375 CENTRE ST N,ECOLE ELEMENTAIRE CARREFOUR DES JEUNES,http://csviamonde.ca,PUBLIC FRENCH,ELEMENTARY,CURRENT
-79.8369432420368,43.6984024481158,,,,,,,-1,0,-1,,,9,370 BRISDALE DR,BRISDALE P.S.,http://www.peelschools.org,PUBLIC,ELEMENTARY,CURRENT
-79.7668476746385,43.7599022383285,,,,,,,-1,0,-1,,,10,365 FATHER TOBIN RD,LOUISE ARBOUR S.S.,http://www.peelschools.org,PUBLIC,SECONDARY,CURRENT
-79.7284280381504,43.7372108052917,,,,,,,-1,0,-1,,,11,1370 WILLIAMS PKY,CHINGUACOUSY S.S.,http://www.peelschools.org,PUBLIC,SECONDARY,CURRENT
-79.6700784289109,43.7820165808774,,,,,,,-1,0,-1,,,12,133 THORNDALE RD,THORNDALE P.S.,http://www.peelschools.org,PUBLIC,ELEMENTARY,CURRENT
-79.730603772983,43.7324422159613,,,,,,,-1,0,-1,,,13,1305 WILLIAMS PKY,JUDITH NYMAN S.S.,http://www.peelschools.org,PUBLIC,SECONDARY,CURRENT
-79.7331354561354,43.7307487330148,,,,,,,-1,0,-1,,,14,1285 WILLIAMS PKY,WILLIAMS PARKWAY SR.P.S.,http://www.peelschools.org,PUBLIC,ELEMENTARY,CURRENT
-79.763961581656,43.6996335040363,,,,,,,-1,0,-1,,,15,124 VODDEN ST E,ST. ANNE E.S.,http://www.dpcdsb.org/CEC,CATHOLIC,ELEMENTARY,CURRENT
-79.7889292317441,43.6964584960459,,,,,,,-1,0,-1,,,16,121 ROYAL ORCHARD DR,ST. MARIA GORETTI E.S.,http://www.dpcdsb.org/CEC,CATHOLIC,ELEMENTARY,CURRENT
-79.8009236032745,43.6696570858104,,,,,,,-1,0,-1,,,17,75 JORDENSEN DR,ST. JEAN-MARIE VIANNEY CATHOLIC E.S.,http://www.dpcdsb.org/CEC,CATHOLIC,ELEMENTARY,CURRENT
-79.7162674775107,43.7591786417636,,,,,,,-1,0,-1,,,18,60 COTTRELLE BLVD,INNOCENT HEARTS ACADEMY,http://www.edu.gov.on.ca/eng/general/elemsec/privsch/,PRIVATE,SECONDARY,CURRENT
-79.6743272608773,43.7654929450819,,,,,,,-1,0,-1,,,19,25 RIVERSTONE DR,ST. ANDRE BESSETTE CATHOLIC E.S.,http://www.dpcdsb.org/CEC,CATHOLIC,ELEMENTARY,CURRENT
-79.7355965371719,43.6511386513369,,,,,,,-1,0,-1,,,20,28-499 RAY LAWSON BLVD,PICC UMMATI E.S.,http://www.edu.gov.on.ca/eng/general/elemsec/privsch/,PRIVATE,ELEMENTARY,CURRENT
-79.8101675925827,43.6633747206712,,,,,,,-1,0,-1,,,21,10 LORENVILLE DR,LORENVILLE P.S.,http://www.peelschools.org,PUBLIC,ELEMENTARY,CURRENT
-79.6950104677415,43.7795915493311,,,,,,,-1,0,-1,,,22,10 PINESTAFF RD,WALNUT GROVE P.S.,http://www.peelschools.org,PUBLIC,ELEMENTARY,CURRENT
-79.7798744526577,43.6347380579957,,,,,,,-1,0,-1,,,23,25 WARDSVILLE DR,ELDORADO P.S.,http://www.peelschools.org,PUBLIC,ELEMENTARY,CURRENT
-79.6751908004378,43.7953892769673,,,,,,,-1,0,-1,,,24,45 MELTWATER CRES,SIR ISAAC BROCK P.S.,http://www.peelschools.org,PUBLIC,ELEMENTARY,CURRENT
-79.6880139318397,43.7896566639777,,,,,,,-1,0,-1,,,25,9916 THE GORE RD,CASTLEMORE P.S.,http://www.peelschools.org,PUBLIC,ELEMENTARY,CURRENT
-79.7986408761258,43.6883698197926,,,,,,,-1,0,-1,,,26,99 FLETCHERS CREEK BLVD,HOMESTEAD P.S.,http://www.peelschools.org,PUBLIC,ELEMENTARY,CURRENT
-79.8239786085132,43.6771937456654,,,,,,,-1,0,-1,,,27,100 COMMUTER DR,MOUNT PLEASANT VILLAGE P.S.,http://www.peelschools.org,PUBLIC,ELEMENTARY,CURRENT
-79.787480848215,43.6683514611127,,,,,,,-1,0,-1,,,28,45 DAVISELM DR,DAVID SUZUKI S.S.,http://www.peelschools.org,PUBLIC,SECONDARY,CURRENT
-79.7270311705649,43.6773168403487,,,,,,,-1,0,-1,,,29,364 BARTLEY BULL PKY,SIR WILFRID LAURIER P.S.,http://www.peelschools.org,PUBLIC,ELEMENTARY,CURRENT
-79.7764990066799,43.6874321411458,,,,,,,-1,0,-1,,,30,35 SUNSET BLVD,GLENDALE P.S.,http://www.peelschools.org,PUBLIC,ELEMENTARY,CURRENT
-79.8292020442087,43.6872160164685,,,,,,,-1,0,-1,,,31,35 MCCRIMMON DR,ST. BONAVENTURE CATHOLIC E.S.,http://www.dpcdsb.org/CEC,CATHOLIC,ELEMENTARY,CURRENT
-79.760102912578,43.7440974835124,,,,,,,-1,0,-1,,,32,35 BLACK OAK DR,OUR LADY OF PROVIDENCE E.S.,http://www.dpcdsb.org/CEC,CATHOLIC,ELEMENTARY,CURRENT
-79.8373629918716,43.6964102357792,,,,,,,-1,0,-1,,,33,34 BUICK BLVD,ST. AIDAN CATHOLIC E.S.,http://www.dpcdsb.org/CEC,CATHOLIC,ELEMENTARY,CURRENT
-79.7110522123081,43.71125019544,,,,,,,-1,0,-1,,,34,330 BALMORAL DR,ST. JOHN FISHER E.S.,http://www.dpcdsb.org/CEC,CATHOLIC,ELEMENTARY,CURRENT
-79.7470780417562,43.6661756031314,,,,,,,-1,0,-1,,,35,325 MCMURCHY AVE S,BISHOP FRANCIS ALLEN E.S.,http://www.dpcdsb.org/CEC,CATHOLIC,ELEMENTARY,CURRENT
-79.751362351594,43.6986442112266,,,,,,,-1,0,-1,,,36,32 KENNEDY RD N,CENTRAL PEEL S.S.,http://www.peelschools.org,PUBLIC,SECONDARY,CURRENT
-79.7321526931985,43.6790564586764,,,,,,,-1,0,-1,,,37,315 BARTLEY BULL PKY,PEEL ALTERNATIVE SCHOOL NORTH,http://www.peelschools.org,PUBLIC,ALTERNATIVE,CURRENT
-79.7591866624718,43.679747995071,,,,,,,-1,0,-1,,,38,31 CRAIG ST,MCHUGH P.S.,http://www.peelschools.org,PUBLIC,ELEMENTARY,CURRENT
-79.7696985586646,43.7358308137835,,,,,,,-1,0,-1,,,39,300 GREAT LAKES DR,ST. ISAAC JOGUES E.S.,http://www.dpcdsb.org/CEC,CATHOLIC,ELEMENTARY,CURRENT
-79.7861972362462,43.7152374493469,,,,,,,-1,0,-1,,,40,300 CONESTOGA DR,CONESTOGA P.S.,http://www.peelschools.org,PUBLIC,ELEMENTARY,CURRENT
-79.8247179277135,43.7369666522949,,,,,,,-1,0,-1,,,41,30 SUMMER VALLEY DR,ST. RITA E.S.,http://www.dpcdsb.org/CEC,CATHOLIC,ELEMENTARY,CURRENT
-79.7552599145478,43.6407903225702,,,,,,,-1,0,-1,,,42,30 PANTOMINE BLVD,ROBERTA BONDAR P.S.,http://www.peelschools.org,PUBLIC,ELEMENTARY,CURRENT
-79.7555513739929,43.7615016764069,,,,,,,-1,0,-1,,,43,30 CHAPPARAL DR,SUNNY VIEW M.S.,http://www.peelschools.org,PUBLIC,ELEMENTARY,CURRENT
-79.7837372536812,43.7095049242626,,,,,,,-1,0,-1,,,44,3 SUNFOREST DR,ROWNTREE MONTESSORI SCHOOL ACADEMY,http://www.edu.gov.on.ca/eng/general/elemsec/privsch/,PRIVATE,ELEMENTARY,CURRENT
-79.7027347812932,43.7571762482778,,,,,,,-1,0,-1,,,45,2023 WILLIAMS PKY,ADAM SCHOOL,http://www.edu.gov.on.ca/eng/general/elemsec/privsch/,PRIVATE,ELEMENTARY - SECONDARY,CURRENT
-79.7886562318572,43.7166453687079,,,,,,,-1,0,-1,,,46,296 CONESTOGA DR,HEART LAKE S.S.,http://www.peelschools.org,PUBLIC,SECONDARY,CURRENT
-79.7581882384322,43.7605489421901,,,,,,,-1,0,-1,,,47,286 SUNNY MEADOW BLVD,STANLEY MILLS P.S.,http://www.peelschools.org,PUBLIC,ELEMENTARY,CURRENT
-79.7680091942477,43.7366801106354,,,,,,,-1,0,-1,,,48,285 GREAT LAKES DR,GREAT LAKES P.S.,http://www.peelschools.org,PUBLIC,ELEMENTARY,CURRENT
-79.7445887115739,43.7719405793027,,,,,,,-1,0,-1,,,49,280 MOUNTAINASH RD,MOUNTAIN ASH P.S.,http://www.peelschools.org,PUBLIC,ELEMENTARY,CURRENT
-79.7466567858959,43.7562720643488,,,,,,,-1,0,-1,,,50,28 RED RIVER DR,GOOD SHEPHERD E.S.,http://www.dpcdsb.org/CEC,CATHOLIC,ELEMENTARY,CURRENT
-79.7580733897529,43.6646494183,,,,,,,-1,0,-1,,,51,8500 MCLAUGHLIN RD S,ROY MCMURTRY SCHOOL,http://www.peelschools.org,PUBLIC,ALTERNATIVE,CURRENT
-79.7458324419123,43.6423024677559,,,,,,,-1,0,-1,,,52,725 RAY LAWSON BLVD,RAY LAWSON P.S.,http://www.peelschools.org,PUBLIC,ELEMENTARY,CURRENT
-79.8034021200461,43.6596668688856,,,,,,,-1,0,-1,,,53,60 INGLEBOROUGH DR,INGLEBOROUGH P.S.,http://www.peelschools.org,PUBLIC,ELEMENTARY,CURRENT
-79.7259469379288,43.7680777260963,,,,,,,-1,0,-1,,,54,40 FAIRLAWN BLVD,FAIRLAWN P.S.,http://www.peelschools.org,PUBLIC,ELEMENTARY,CURRENT
-79.6769914683351,43.7847845773696,,,,,,,-1,0,-1,,,55,10 GARDENBROOKE TRAIL,CASTLEBROOKE S.S.,http://www.peelschools.org,PUBLIC,SECONDARY,CURRENT
-79.6695712333685,43.7906917378731,,,,,,,-1,0,-1,,,56,45 IRONSHIELD DR,BERYL FORD P.S.,http://www.peelschools.org,PUBLIC,ELEMENTARY,CURRENT
-79.7854603655405,43.7028791046404,,,,,,,-1,0,-1,,,57,701-20 GILLINGHAM DR,XYNA ACADEMY OF EXCELLENCE,http://www.edu.gov.on.ca/eng/general/elemsec/privsch/,PRIVATE,SECONDARY,CURRENT
-79.701609335729,43.7589044154015,,,,,,,-1,0,-1,,,58,3-2131 WILLIAMS PKY,LOTE TREE FOUNDATION,http://www.edu.gov.on.ca/eng/general/elemsec/privsch/,PRIVATE,ELEMENTARY,CURRENT
-79.6622263060046,43.7724451780644,,,,,,,-1,0,-1,,,59,204-4515 EBENEZER RD,LEARNING GENIUS ACADEMY INC,http://www.edu.gov.on.ca/eng/general/elemsec/privsch/,PRIVATE,SECONDARY,CURRENT
-79.740003953335,43.7306517057571,,,,,,,-1,0,-1,,,60,69 MAITLAND ST,KHALSA COMMUNITY SCHOOL,http://www.edu.gov.on.ca/eng/general/elemsec/privsch/,PRIVATE,ELEMENTARY - SECONDARY,CURRENT
-79.7594522112303,43.6867550233673,,,,,,,-1,0,-1,,,61,10224 QUEEN ST,ALGOMA UNIVERSITY,http://www.algomau.ca/brampton,COLLEGE/UNIVERSITY,POST-SECONDARY,CURRENT
-79.6904981373433,43.7216136627973,,,,,,,-1,0,-1,,,62,8450 TORBRAM RD,MAKKI ISLAMIC LEARNING CENTRE,http://www.edu.gov.on.ca/eng/general/elemsec/privsch/,PRIVATE,ELEMENTARY,CURRENT
-79.7469447181029,43.791196504921,,,,,,,-1,0,-1,,,63,25 MOUNT ROYAL CIRCLE,OUR LADY OF LOURDES CATHOLIC E.S.,http://www.dpcdsb.org/CEC,CATHOLIC,ELEMENTARY,CURRENT
-79.7268300360275,43.8176045781213,,,,,,,-1,0,-1,,,64,11948 THE GORE RD,ST. PATRICK SEPARATE E.S.,http://www.dpcdsb.org/CEC,CATHOLIC,ELEMENTARY,CURRENT
-79.7164467403567,43.7338352273351,,,,,,,-1,0,-1,,,65,115 GLENVALE BLVD,HOLY NAME OF MARY CATHOLIC S.S.,http://www.dpcdsb.org/CEC,CATHOLIC,SECONDARY,CURRENT
-79.7198760572777,43.718187129953,,,,,,,-1,0,-1,,,66,113-150 CENTRAL PARK DR,ARCHBISHOP ROMERO CATHOLIC S.S.,http://www.dpcdsb.org/CEC,CATHOLIC,ALTERNATIVE,CURRENT
-79.7494174925099,43.7543713893267,,,,,,,-1,0,-1,,,67,111 LARKSPUR RD,LARKSPUR P.S.,http://www.peelschools.org,PUBLIC,ELEMENTARY,CURRENT
-79.7382871122362,43.6748172950812,,,,,,,-1,0,-1,,,68,111 BARTLEY BULL PKY,ST. FRANCIS XAVIER E.S.,http://www.dpcdsb.org/CEC,CATHOLIC,ELEMENTARY,CURRENT
-79.7999894472189,43.6890583781092,,,,,,,-1,0,-1,,,69,11 DWELLERS RD,ST. URSULA E.S.,http://www.dpcdsb.org/CEC,CATHOLIC,ELEMENTARY,CURRENT
-79.7765454079823,43.7521899600826,,,,,,,-1,0,-1,,,70,10815 DIXIE RD,ST. MARGUERITE D'YOUVILLE S.S.,http://www.dpcdsb.org/CEC,CATHOLIC,SECONDARY,CURRENT
-79.8282654171998,43.699882196656,,,,,,,-1,0,-1,,,71,10750 CHINGUACOUSY RD,PARKHOLME SCHOOL,http://www.peelschools.org,PUBLIC,ALTERNATIVE,CURRENT
-79.8286815957646,43.700157298068,,,,,,,-1,0,-1,,,72,10750 CHINGUACOUSY RD,FLETCHER'S MEADOW S.S.,http://www.peelschools.org,PUBLIC,SECONDARY,CURRENT
-79.7954463712753,43.7324697769479,,,,,,,-1,0,-1,,,73,105 RICHVALE DR N,ROBERT H. LAGERQUIST SR.P.S.,http://www.peelschools.org,PUBLIC,ELEMENTARY,CURRENT
-79.7773472608364,43.7326603649252,,,,,,,-1,0,-1,,,74,10420 HEART LAKE RD N,ESKER LAKE P.S.,http://www.peelschools.org,PUBLIC,ELEMENTARY,CURRENT
-79.7065232962093,43.7301089227831,,,,,,,-1,0,-1,,,75,104 FOLKSTONE CRES,FOLKSTONE P.S.,http://www.peelschools.org,PUBLIC,ELEMENTARY,CURRENT
-79.7807572065451,43.7248539367148,,,,,,,-1,0,-1,,,76,103 RICHVALE DR S,ST. AGNES E.S.,http://www.dpcdsb.org/CEC,CATHOLIC,ELEMENTARY,CURRENT
-79.7317443789885,43.6608649174337,,,,,,,-1,0,-1,,,77,103 MALTA AVE,ST. KEVIN SEPARATE E.S.,http://www.dpcdsb.org/CEC,CATHOLIC,ELEMENTARY,CURRENT
-79.7330396582817,43.7422281632025,,,,,,,-1,0,-1,,,78,1025 NORTH PARK DR,ST. JOHN BOSCO E.S.,http://www.dpcdsb.org/CEC,CATHOLIC,ELEMENTARY,CURRENT
-79.72825775525,43.7291839025584,,,,,,,-1,0,-1,,,79,100 HILLDALE CRES,HILLDALE P.S.,http://www.peelschools.org,PUBLIC,ELEMENTARY,CURRENT
-79.6989797442182,43.716086810637,,,,,,,-1,0,-1,,,80,100 DORSET DR,DORSET DRIVE P.S.,http://www.peelschools.org,PUBLIC,ELEMENTARY,CURRENT
-79.7667306160759,43.7537188962441,,,,,,,-1,0,-1,,,81,100 DEWSIDE DR,SPRINGDALE P.S.,http://www.peelschools.org,PUBLIC,ELEMENTARY,CURRENT
-79.7484218471838,43.7204744552183,,,,,,,-1,0,-1,,,82,10 NORTH PARK DR,NORTH PARK S.S.,http://www.peelschools.org,PUBLIC,SECONDARY,CURRENT
-79.7514874956504,43.7752601250843,,,,,,,-1,0,-1,,,83,10 FATHER TOBIN RD,SHAW P.S.,http://www.peelschools.org,PUBLIC,ELEMENTARY,CURRENT
-79.6833200702366,43.7881669272794,,,,,,,-1,0,-1,,,84,10 CASTLE OAKS CROSS,CARDINAL AMBROZIC CATHOLIC S.S.,http://www.dpcdsb.org/CEC,CATHOLIC,SECONDARY,CURRENT
-79.7807857210857,43.7046054230765,,,,,,,-1,0,-1,,,85,10 BRICKYARD WAY,ST. CECILIA E.S.,http://www.dpcdsb.org/CEC,CATHOLIC,ELEMENTARY,CURRENT
-79.8179921083492,43.6924252700117,,,,,,,-1,0,-1,,,86,1-333 FAIRHILL AVE,APPLEWOOD MONTESSORI ACADEMY & DAYCARE,http://www.edu.gov.on.ca/eng/general/elemsec/privsch/,PRIVATE,ELEMENTARY,CURRENT
-79.7001907134342,43.735860021744,,,,,,,-1,0,-1,,,87,1-253 SUMMERLEA RD,AL-IMAN SCHOOL,http://www.edu.gov.on.ca/eng/general/elemsec/privsch/,PRIVATE,ELEMENTARY,CURRENT
-79.7202332673423,43.718388246504,,,,,,,-1,0,-1,,,88,011-150 CENTRAL PARK DR,KINDERKOLLEGE ELEMENTARY SCHOOL,http://www.edu.gov.on.ca/eng/general/elemsec/privsch/,PRIVATE,ELEMENTARY,CURRENT
-79.7113940489581,43.7275271119052,,,,,,,-1,0,-1,,,89,28 FINCHGATE BLVD,GEORGES VANIER CATHOLIC E.S.,http://www.dpcdsb.org/CEC,CATHOLIC,ELEMENTARY,CURRENT
-79.7576309858486,43.7464623948226,,,,,,,-1,0,-1,,,90,275 FERNFOREST DR,FERNFOREST P.S.,http://www.peelschools.org,PUBLIC,ELEMENTARY,CURRENT
-79.8301341682812,43.694723050489,,,,,,,-1,0,-1,,,91,275 BRISDALE DR,ST. EDMUND CAMPION S.S.,http://www.dpcdsb.org/CEC,CATHOLIC,SECONDARY,CURRENT
-79.7648643606482,43.6581217434734,,,,,,,-1,0,-1,,,92,27 DRINKWATER RD,ST. AUGUSTINE S.S.,http://www.dpcdsb.org/CEC,CATHOLIC,SECONDARY,CURRENT
-79.744088600978,43.7659356402658,,,,,,,-1,0,-1,,,93,2671 SANDALWOOD PKY E,SANDALWOOD HEIGHTS S.S.,http://www.peelschools.org,PUBLIC,SECONDARY,CURRENT
-79.7510170428351,43.7235117160479,,,,,,,-1,0,-1,,,94,255 NORTH PARK DR,RUSSELL D. BARBER P.S.,http://www.peelschools.org,PUBLIC,ELEMENTARY,CURRENT
-79.8190679484381,43.7066253140188,,,,,,,-1,0,-1,,,95,254 QUEEN MARY DR,ROWNTREE P.S.,http://www.peelschools.org,PUBLIC,ELEMENTARY,CURRENT
-79.748401354838,43.666590963417,,,,,,,-1,0,-1,,,96,251 MCMURCHY AVE S,BRAMPTON CENTENNIAL S.S.,http://www.peelschools.org,PUBLIC,SECONDARY,CURRENT
-79.7659045193796,43.6995115438293,,,,,,,-1,0,-1,,,97,250 CENTRE ST N,SIR JOHN A. MACDONALD SR.P.S.,http://www.peelschools.org,PUBLIC,ELEMENTARY,CURRENT
-79.7317001080022,43.7648562061125,,,,,,,-1,0,-1,,,98,25 MOUNTAINBERRY RD,FATHER CLAIR TIPPING E.S.,http://www.dpcdsb.org/CEC,CATHOLIC,ELEMENTARY,CURRENT
-79.7367132988798,43.7107048790559,,,,,,,-1,0,-1,,,99,25 LAURELCREST ST,ECOLE ELEMENTAIRE CATHOLIQUE SAINTE-JEANNE-D'ARC,http://www.csdccs.edu.on.ca,CATHOLIC FRENCH,ELEMENTARY,CURRENT
-79.821156968263,43.7081645985748,,,,,,,-1,0,-1,,,100,25 KANATA RD,ST. LUCY CATHOLIC E.S.,http://www.dpcdsb.org/CEC,CATHOLIC,ELEMENTARY,CURRENT
-79.7106303171925,43.7390640901597,,,,,,,-1,0,-1,,,101,25 CORPORATION DR,ST. THOMAS AQUINAS S.S.,http://www.dpcdsb.org/CEC,CATHOLIC,SECONDARY,CURRENT
-79.7566038193905,43.6725233830538,,,,,,,-1,0,-1,,,102,25 BRENDA AVE,RIDGEVIEW P.S.,http://www.peelschools.org,PUBLIC,ELEMENTARY,CURRENT
-79.7296188975321,43.7846175909224,,,,,,,-1,0,-1,,,103,25 BLOOMSBURY AVE,HOLY SPIRIT E.S.,http://www.dpcdsb.org/CEC,CATHOLIC,ELEMENTARY,CURRENT
-79.7986845223069,43.7333796449114,,,,,,,-1,0,-1,,,104,24 KERWOOD PL,SACRED HEART E.S.,http://www.dpcdsb.org/CEC,CATHOLIC,ELEMENTARY,CURRENT
-79.7205385864413,43.7298590877038,,,,,,,-1,0,-1,,,105,24 GOLDCREST RD,GOLDCREST P.S.,http://www.peelschools.org,PUBLIC,ELEMENTARY,CURRENT
-79.7388147333429,43.6767295057378,,,,,,,-1,0,-1,,,106,24 DUNCAN BULL DR,PARKWAY P.S.,http://www.peelschools.org,PUBLIC,ELEMENTARY,CURRENT
-79.8182859104201,43.7054852683944,,,,,,,-1,0,-1,,,107,236 QUEEN MARY DR,CHEYNE M.S.,http://www.peelschools.org,PUBLIC,ELEMENTARY,CURRENT
-79.7660444656698,43.7025143112198,,,,,,,-1,0,-1,,,108,235 KINGSWOOD DR,KINGSWOOD DRIVE P.S.,http://www.peelschools.org,PUBLIC,ELEMENTARY,CURRENT
-79.759929388646,43.7663039130965,,,,,,,-1,0,-1,,,109,235 FATHER TOBIN RD,HEWSON P.S.,http://www.peelschools.org,PUBLIC,ELEMENTARY,CURRENT
-79.7124212843504,43.70844928145,,,,,,,-1,0,-1,,,110,233 BALMORAL DR,BALMORAL DRIVE SR.P.S.,http://www.peelschools.org,PUBLIC,ELEMENTARY,CURRENT
-79.8097558397327,43.6416908600785,,,,,,,-1,0,-1,,,111,2322 EMBLETON RD,HUTTONVILLE P.S.,http://www.peelschools.org,PUBLIC,ELEMENTARY,CURRENT
-79.7416189348348,43.6800868198653,,,,,,,-1,0,-1,,,112,22 ABBEY RD,CANADA CHRISTIAN ACADEMY,http://www.edu.gov.on.ca/eng/general/elemsec/privsch/,PRIVATE,ELEMENTARY - SECONDARY,CURRENT
-79.729045989817,43.7189312686593,,,,,,,-1,0,-1,,,113,215 HANOVER RD,HANOVER P.S.,http://www.peelschools.org,PUBLIC,ELEMENTARY,CURRENT
-79.7785257913903,43.6787948791748,,,,,,,-1,0,-1,,,114,21 CAMPBELL DR,BEATTY-FLEMING SR.P.S.,http://www.peelschools.org,PUBLIC,ELEMENTARY,CURRENT
-79.718146879853,43.71478580918,,,,,,,-1,0,-1,,,115,201 CLARK BLVD,CLARK BOULEVARD P.S.,http://www.peelschools.org,PUBLIC,ELEMENTARY,CURRENT
-79.8066067245341,43.6729432991086,,,,,,,-1,0,-1,,,116,200 VALLEYWAY DR,ST. ROCH CATHOLIC S.S.,http://www.dpcdsb.org/CEC,CATHOLIC,SECONDARY,CURRENT
-79.7510437544424,43.6562943915998,,,,,,,-1,0,-1,,,117,200 MORTON WAY,MORTON WAY P.S.,http://www.peelschools.org,PUBLIC,ELEMENTARY,CURRENT
-79.7803627117867,43.7043332620806,,,,,,,-1,0,-1,,,118,20 BRICKYARD WAY,WESTERVELTS CORNERS P.S.,http://www.peelschools.org,PUBLIC,ELEMENTARY,CURRENT
-79.7796400679085,43.7195807115674,,,,,,,-1,0,-1,,,119,2 NOTRE DAME AVE,NOTRE DAME S.S.,http://www.dpcdsb.org/CEC,CATHOLIC,SECONDARY,CURRENT
-79.7906877988874,43.7233930189825,,,,,,,-1,0,-1,,,120,185 CONESTOGA DR,ST. LEONARD E.S.,http://www.dpcdsb.org/CEC,CATHOLIC,ELEMENTARY,CURRENT
-79.7547587213085,43.7080170973411,,,,,,,-1,0,-1,,,121,170 RUTHERFORD RD N,GORDON GRAYDON SR.P.S.,http://www.peelschools.org,PUBLIC,ELEMENTARY,CURRENT
-79.8157222104386,43.7282516250281,,,,,,,-1,0,-1,,,122,17 COLONEL BERTRAM RD,ST. STEPHEN E.S.,http://www.dpcdsb.org/CEC,CATHOLIC,ELEMENTARY,CURRENT
-79.7353050862885,43.763904020741,,,,,,,-1,0,-1,,,123,160 MOUNTAINASH RD,ROBERT J. LEE P.S.,http://www.peelschools.org,PUBLIC,ELEMENTARY,CURRENT
-79.6924082835184,43.7720367121174,,,,,,,-1,0,-1,,,124,160 CALDERSTONE RD,CALDERSTONE M.S.,http://www.peelschools.org,PUBLIC,ELEMENTARY,CURRENT
-79.7248361850294,43.6540927033568,,,,,,,-1,0,-1,,,125,155 CHERRYTREE DR,CHERRYTREE P.S.,http://www.peelschools.org,PUBLIC,ELEMENTARY,CURRENT
-79.7851052740953,43.6740869221218,,,,,,,-1,0,-1,,,126,15 FINCHAM AVE,OUR LADY OF PEACE SEPARATE E.S.,http://www.dpcdsb.org/CEC,CATHOLIC,ELEMENTARY,CURRENT
-79.73286663252,43.7783300912517,,,,,,,-1,0,-1,,,127,145 TREELINE BLVD,TREELINE P.S.,http://www.peelschools.org,PUBLIC,ELEMENTARY,CURRENT
-79.767606074248,43.7150580670473,,,,,,,-1,0,-1,,,128,140 WINTERFOLD DR,ARNOTT CHARLTON P.S.,http://www.peelschools.org,PUBLIC,ELEMENTARY,CURRENT
-79.8114010011686,43.6728995234812,,,,,,,-1,0,-1,,,129,9775 CREDITVIEW RD,JAMES POTTER P.S.,http://www.peelschools.org,PUBLIC,ELEMENTARY,CURRENT
-79.6709387669283,43.7714724349643,,,,,,,-1,0,-1,,,130,97 GALLUCCI CRES,CLAIREVILLE P.S.,http://www.peelschools.org,PUBLIC,ELEMENTARY,CURRENT
-79.7422095637045,43.736315894861,,,,,,,-1,0,-1,,,131,950 NORTH PARK DR,ST. ANTHONY E.S.,http://www.dpcdsb.org/CEC,CATHOLIC,ELEMENTARY,CURRENT
-79.7927383044604,43.7314306016392,,,,,,,-1,0,-1,,,132,95 RICHVALE DR N,TERRY FOX P.S.,http://www.peelschools.org,PUBLIC,ELEMENTARY,CURRENT
-79.7464472289937,43.7382083432738,,,,,,,-1,0,-1,,,133,95 MASSEY ST,MASSEY STREET P.S.,http://www.peelschools.org,PUBLIC,ELEMENTARY,CURRENT
-79.7304095010724,43.6583645680402,,,,,,,-1,0,-1,,,134,92 MALTA AVE,FLETCHER'S CREEK SR.P.S.,http://www.peelschools.org,PUBLIC,ELEMENTARY,CURRENT
-79.7418983168619,43.6813988267869,,,,,,,-1,0,-1,,,135,9 ABBEY RD,HELEN WILSON P.S.,http://www.peelschools.org,PUBLIC,ELEMENTARY,CURRENT
-79.7488007300527,43.6890189219811,,,,,,,-1,0,-1,,,136,89 ARDGLEN DR,SIR WINSTON CHURCHILL P.S.,http://www.peelschools.org,PUBLIC,ELEMENTARY,CURRENT
-79.6931397694273,43.7251741340341,,,,,,,-1,0,-1,,,137,8525 TORBRAM RD,TALL PINES SCHOOL,http://www.edu.gov.on.ca/eng/general/elemsec/privsch/,PRIVATE,ELEMENTARY,CURRENT
-79.8183231355843,43.718494440296,,,,,,,-1,0,-1,,,138,85 BURNT ELM DR,BURNT ELM P.S.,http://www.peelschools.org,PUBLIC,ELEMENTARY,CURRENT
-79.8269440089939,43.6904670735862,,,,,,,-1,0,-1,,,139,83 MCCRIMMON DR,MCCRIMMON M.S.,http://www.peelschools.org,PUBLIC,ELEMENTARY,CURRENT
-79.8105866351411,43.6956024499079,,,,,,,-1,0,-1,,,140,83 EDENBROOK HILL DR,ST. ANGELA MERICI CATHOLIC E.S.,http://www.dpcdsb.org/CEC,CATHOLIC,ELEMENTARY,CURRENT
-79.7636594117703,43.6721607001791,,,,,,,-1,0,-1,,,141,82 MCLAUGHLIN RD S,JOHN KNOX CHRISTIAN SCHOOL,http://www.edu.gov.on.ca/eng/general/elemsec/privsch/,PRIVATE,ELEMENTARY,CURRENT
-79.759739840879,43.6584115289243,,,,,,,-1,0,-1,,,142,81 TORRANCE WOODS,ST. BRIGID E.S.,http://www.dpcdsb.org/CEC,CATHOLIC,ELEMENTARY,CURRENT
-79.7013145639963,43.7734474773858,,,,,,,-1,0,-1,,,143,80 REDWILLOW RD,RED WILLOW P.S.,http://www.peelschools.org,PUBLIC,ELEMENTARY,CURRENT
-79.7788050502539,43.6768757607498,,,,,,,-1,0,-1,,,144,8 PARKWAY AVE,ST. JOSEPH BRAMPTON E.S.,http://www.dpcdsb.org/CEC,CATHOLIC,ELEMENTARY,CURRENT
-79.7192504146379,43.6749813080337,,,,,,,-1,0,-1,,,145,7935 KENNEDY RD S,TURNER FENTON S.S.,http://www.peelschools.org,PUBLIC,SECONDARY,CURRENT
-79.7389238499808,43.6563363652424,,,,,,,-1,0,-1,,,146,7899 MCLAUGHLIN RD,SHERIDAN COLLEGE DAVIS CAMPUS,http://www.sheridaninstitute.ca/,COLLEGE/UNIVERSITY,POST-SECONDARY,CURRENT
-79.7263331685294,43.6589806560325,,,,,,,-1,0,-1,,,147,7700 HURONTARIO ST,ADULT EDUCATION CENTRE NORTH (BRAMPTON),http://www.peelschools.org,PUBLIC,ALTERNATIVE,CURRENT
-79.7865463117944,43.6945974134132,,,,,,,-1,0,-1,,,148,77 ROYAL ORCHARD DR,ROYAL ORCHARD M.S.,http://www.peelschools.org,PUBLIC,ELEMENTARY,CURRENT
-79.7581413925511,43.6244323470872,,,,,,,-1,0,-1,,,149,7585 FINANCIAL DR,ECOLE SECONDAIRE JEUNES SANS FRONTIERES,http://csviamonde.ca,PUBLIC FRENCH,ELEMENTARY - SECONDARY,CURRENT
-79.7115410520089,43.6673711350306,,,,,,,-1,0,-1,,,150,7580 KENNEDY RD S,WALI UL ASR E.S.,http://www.edu.gov.on.ca/eng/general/elemsec/privsch/,PRIVATE,ELEMENTARY,CURRENT
-79.7516465595828,43.6842211738774,,,,,,,-1,0,-1,,,151,75 MARY ST,CARDINAL LEGER S.S.,http://www.dpcdsb.org/CEC,CATHOLIC,SECONDARY,CURRENT
-79.8185803168637,43.6844676866875,,,,,,,-1,0,-1,,,152,71 WORTHINGTON AVE,WORTHINGTON P.S.,http://www.peelschools.org,PUBLIC,ELEMENTARY,CURRENT
-79.6962156009794,43.7218770197914,,,,,,,-1,0,-1,,,153,702 BALMORAL DR,EASTBOURNE DRIVE P.S.,http://www.peelschools.org,PUBLIC,ELEMENTARY,CURRENT
-79.7751151168788,43.6749369521521,,,,,,,-1,0,-1,,,154,70 GRETNA DR,NORTHWOOD P.S.,http://www.peelschools.org,PUBLIC,ELEMENTARY,CURRENT
-79.6998319127865,43.7218671190687,,,,,,,-1,0,-1,,,155,698 BALMORAL DR,CARDINAL NEWMAN CATHOLIC E.S.,http://www.dpcdsb.org/CEC,CATHOLIC,ELEMENTARY,CURRENT
-79.7533189005443,43.6838898366304,,,,,,,-1,0,-1,,,156,66 MAIN ST S,ST. MARY E.S.,http://www.dpcdsb.org/CEC,CATHOLIC,ELEMENTARY,CURRENT
-79.7485320200476,43.7902180414462,,,,,,,-1,0,-1,,,157,65 MOUNT ROYAL CIR,MOUNT ROYAL P.S.,http://www.peelschools.org,PUBLIC,ELEMENTARY,CURRENT
-79.77242950811,43.670595982367,,,,,,,-1,0,-1,,,158,20 ACADEMIC DR,QUEEN STREET P.S.,http://www.peelschools.org,PUBLIC,ELEMENTARY,CURRENT
-79.7429051404897,43.6463226580436,,,,,,,-1,0,-1,,,159,630 RAY LAWSON BLVD,HICKORY WOOD P.S.,http://www.peelschools.org,PUBLIC,ELEMENTARY,CURRENT
-79.7744054511337,43.6719024594364,,,,,,,-1,0,-1,,,160,625 QUEEN ST W,SIR WILLIAM GAGE M.S.,http://www.peelschools.org,PUBLIC,ELEMENTARY,CURRENT
-79.7469328631041,43.7062455832818,,,,,,,-1,0,-1,,,161,62 SEABORN RD,FATHER C.W. SULLIVAN E.S.,http://www.dpcdsb.org/CEC,CATHOLIC,ELEMENTARY,CURRENT
-79.8194383017901,43.6865619253131,,,,,,,-1,0,-1,,,162,62 HEATHERDALE DR,GUARDIAN ANGELS E.S.,http://www.dpcdsb.org/CEC,CATHOLIC,ELEMENTARY,CURRENT
-79.8083208411385,43.6956461302163,,,,,,,-1,0,-1,,,163,61 EDENBROOK HILL DR,EDENBROOK HILL P.S.,http://www.peelschools.org,PUBLIC,ELEMENTARY,CURRENT
-79.7721824467799,43.6650565248982,,,,,,,-1,0,-1,,,164,60 STERRITT DR,ST. MONICA E.S.,http://www.dpcdsb.org/CEC,CATHOLIC,ELEMENTARY,CURRENT
-79.7037257169289,43.7081441842665,,,,,,,-1,0,-1,,,165,57 ALOMA CRES,ALOMA CRESCENT P.S.,http://www.peelschools.org,PUBLIC,ELEMENTARY,CURRENT
-79.7344952355943,43.64672405534,,,,,,,-1,0,-1,,,166,56 OAKLEA BLVD,PAULINE VANIER CATHOLIC E.S.,http://www.dpcdsb.org/CEC,CATHOLIC,ELEMENTARY,CURRENT
-79.7538511710904,43.7277130028744,,,,,,,-1,0,-1,,,167,550 NORTH PARK DR,ST. MARGUERITE BOURGEOYS SEPARATE E.S.,http://www.dpcdsb.org/CEC,CATHOLIC,ELEMENTARY,CURRENT
-79.6982531540055,43.7746630698795,,,,,,,-1,0,-1,,,168,55 LEXINGTON RD,FATHER FRANCIS MCSPIRITT CATHOLIC E.S.,http://www.dpcdsb.org/CEC,CATHOLIC,ELEMENTARY,CURRENT
-79.7749360552594,43.756277385979,,,,,,,-1,0,-1,,,169,526 FERNFOREST DR,CARBERRY P.S.,http://www.peelschools.org,PUBLIC,ELEMENTARY,CURRENT
-79.7058272158648,43.7030005316634,,,,,,,-1,0,-1,,,170,52 BIRCHBANK RD,BIRCHBANK P.S.,http://www.peelschools.org,PUBLIC,ELEMENTARY,CURRENT
-79.709922980693,43.7230119129783,,,,,,,-1,0,-1,,,171,510 CLARK BLVD,FALLINGDALE P.S.,http://www.peelschools.org,PUBLIC,ELEMENTARY,CURRENT
-79.7075080749518,43.7156118217148,,,,,,,-1,0,-1,,,172,510 BALMORAL DR,BRAMALEA S.S.,http://www.peelschools.org,PUBLIC,SECONDARY,CURRENT
-79.8033837706602,43.7290215792493,,,,,,,-1,0,-1,,,173,50 SOMERSET DR,SOMERSET DRIVE P.S.,http://www.peelschools.org,PUBLIC,ELEMENTARY,CURRENT
-79.7045421682829,43.7231397924239,,,,,,,-1,0,-1,,,174,50 EARNSCLIFFE CIR,EARNSCLIFFE SR.P.S.,http://www.peelschools.org,PUBLIC,ELEMENTARY,CURRENT
-79.7627112231432,43.6502033977172,,,,,,,-1,0,-1,,,175,5 YOUNG DR,COPELAND P.S.,http://www.peelschools.org,PUBLIC,ELEMENTARY,CURRENT
-79.7325883986034,43.6709505763969,,,,,,,-1,0,-1,,,176,491 BARTLEY BULL PKY,WILLIAM G. DAVIS SR.P.S.,http://www.peelschools.org,PUBLIC,ELEMENTARY,CURRENT
-79.7492762738292,43.7033507387604,,,,,,,-1,0,-1,,,177,49 MADOC DR,MADOC DRIVE P.S.,http://www.peelschools.org,PUBLIC,ELEMENTARY,CURRENT
-79.7303179186062,43.7382839136632,,,,,,,-1,0,-1,,,178,48 JEFFERSON RD,JEFFERSON P.S.,http://www.peelschools.org,PUBLIC,ELEMENTARY,CURRENT
-79.7711603334795,43.75683578247,,,,,,,-1,0,-1,,,179,475 FATHER TOBIN RD,LOUGHEED M.S.,http://www.peelschools.org,PUBLIC,ELEMENTARY,CURRENT
-79.7682965224242,43.752756740703,,,,,,,-1,0,-1,,,180,450 FERNFOREST DR,VENERABLE MICHAEL J. MCGIVNEY CATHOLIC E.S.,http://www.dpcdsb.org/CEC,CATHOLIC,ELEMENTARY,CURRENT
-79.7428372578506,43.7180698689891,,,,,,,-1,0,-1,,,181,375 HOWDEN BLVD,DOON SCHOOL,http://www.edu.gov.on.ca/eng/general/elemsec/privsch/,PRIVATE,SECONDARY,CURRENT
-79.7401424062987,43.7011027380239,,,,,,,-1,0,-1,,,182,12 RUTHERFORD RD S,NOON ACADEMY,http://www.edu.gov.on.ca/eng/general/elemsec/privsch/,PRIVATE,ELEMENTARY,CURRENT
-79.7288233845676,43.7230072578273,,,,,,,-1,0,-1,,,183,140 HOWDEN BLVD,LESTER B. PEARSON CATHOLIC E.S.,http://www.dpcdsb.org/CEC,CATHOLIC,ELEMENTARY,CURRENT
-79.7246862875938,43.7342167623971,,,,,,,-1,0,-1,,,184,63 GLENFOREST RD,ST. JEAN BREBEUF E.S.,http://www.dpcdsb.org/CEC,CATHOLIC,ELEMENTARY,CURRENT
-79.7156679929505,43.7363061960521,,,,,,,-1,0,-1,,,185,1140 CENTRAL PARK DR,GREENBRIAR M.S.,http://www.peelschools.org,PUBLIC,ELEMENTARY,CURRENT
-79.717412972008,43.7381833289435,,,,,,,-1,0,-1,,,186,33 GREENBRIAR RD,GRENOBLE P.S.,http://www.peelschools.org,PUBLIC,ELEMENTARY,CURRENT
-79.7805031419756,43.6563959895814,,,,,,,-1,0,-1,,,187,90 BONNIE BRAES DR,CHURCHVILLE P.S.,http://www.peelschools.org,PUBLIC,ELEMENTARY,CURRENT
-79.7110587702989,43.7562176752105,,,,,,,-1,0,-1,,,193,1 - 12 AUTOMATIC ROAD,BRENTWAY ACADEMY INC,http://www.edu.gov.on.ca/eng/general/elemsec/privsch/,PRIVATE,ELEMENTARY,CURRENT
-79.8249134560478,43.6766448262319,,,,,,,-1,0,-1,,,194,50 BAYCLIFFE CRES,CANADIAN HIGHER LEARNING ACADEMY,http://www.edu.gov.on.ca/eng/general/elemsec/privsch/,PRIVATE,SECONDARY,CURRENT
-79.796509561531,43.7279249117555,,,,,,,-1,0,-1,,,195,180 SANDALWOOD PKWY E,GURU TEGH BAHADUR INTERNATIONAL SCHOOL,http://www.edu.gov.on.ca/eng/general/elemsec/privsch/,PRIVATE,ELEMENTARY - SECONDARY,CURRENT
-79.7915431204458,43.6926284809194,,,,,,,-1,0,-1,,,196,1&2 - 20 RED MAPLE DR,MONTESSORI LEADERS SCHOOL,http://www.edu.gov.on.ca/eng/general/elemsec/privsch/,PRIVATE,ELEMENTARY,CURRENT
-79.6615710686396,43.773114563188,,,,,,,-1,0,-1,,,197,2 - 4535 EBENEZER RD,KMSCHOOL,http://www.edu.gov.on.ca/eng/general/elemsec/privsch/,PRIVATE,ELEMENTARY,CURRENT
-79.7410154402035,43.6885997993637,,,,,,,-1,0,-1,,,198,1806 - 83 KENNEDY RD S,ONTARIO INTERNATIONAL INSTITUTE,http://www.edu.gov.on.ca/eng/general/elemsec/privsch/,PRIVATE,SECONDARY,CURRENT
-79.6621107211656,43.7720808121041,,,,,,,-1,0,-1,,,199,213 - 4515 EBENEZER ROAD,PREMIUM INSTITUTE OF EXCELLENCE,http://www.edu.gov.on.ca/eng/general/elemsec/privsch/,PRIVATE,SECONDARY,CURRENT
-79.8010024660558,43.7149838592726,,,,,,,-1,0,-1,,,200,11 - 2 FISHERMAN DR,SONGBIRDS MONTESSORI SCHOOL,http://www.edu.gov.on.ca/eng/general/elemsec/privsch/,PRIVATE,ELEMENTARY,CURRENT
-79.782142055149,43.6663061366709,,,,,,,-1,0,-1,,,201,1030 QUEEN ST W,WALDEN INTERNATIONAL SCHOOL,http://www.edu.gov.on.ca/eng/general/elemsec/privsch/,PRIVATE,ELEMENTARY - SECONDARY,CURRENT
-79.7580574969144,43.6980216062655,,,,,,,-1,0,-1,,,202,80 BEECH ST,AGNES TAYLOR P.S.,http://www.peelschools.org,PUBLIC,ELEMENTARY,CURRENT
-79.7535563747903,43.7248603400168,,,,,,,-1,0,-1,,,203,395 NORTH PARK DR,MARANATHA CHRISTIAN ACADEMY,http://www.edu.gov.on.ca/eng/general/elemsec/privsch/,PRIVATE,ELEMENTARY,CURRENT
-79.793679914372,43.6712821851925,,,,,,,-1,0,-1,,,204,50 PARITY RD,MCLURE P.S.,http://www.peelschools.org,PUBLIC,ELEMENTARY,CURRENT
-79.782374634675,43.7588635688478,,,,,,,-1,0,-1,,,205,40 DOLBYHILL DR,COUNTRYSIDE VILLAGE P.S.,http://www.peelschools.org,PUBLIC,ELEMENTARY,CURRENT
-79.8511060097072,43.6950732619903,,,,,,,-1,0,-1,,,206,95 REMEMBERANCE RD,DOLSON E.S.,http://www.peelschools.org,PUBLIC,ELEMENTARY,CURRENT
-79.7729774021009,43.6949951289838,,,,,,,-1,0,-1,,,207,201 - 389 MAIN ST N,AL-AMEEN ELEMENTARY SCHOOL,http://www.edu.gov.on.ca/eng/general/elemsec/privsch/,PRIVATE,ELEMENTARY,CURRENT
-79.7219945338613,43.6601899697506,,,,,,,-1,0,-1,,,208,201 COUNTY COURT BLVD,CAREER QUEST- BRAMPTON,http://www.edu.gov.on.ca/eng/general/elemsec/privsch/,PRIVATE,SECONDARY,CURRENT
-79.6677332508901,43.7453598603141,,,,,,,-1,0,-1,,,209,187 DEERHURST DRIVE,GOBIND SARVAR E.S.,http://www.edu.gov.on.ca/eng/general/elemsec/privsch/,PRIVATE,ELEMENTARY - SECONDARY,CURRENT
-79.8117214558186,43.6838496351755,,,,,,,-1,0,-1,,,210,5 BRISDALE DR,GREEN APPLE ALTERNATIVE SCHOOL,http://www.edu.gov.on.ca/eng/general/elemsec/privsch/,PRIVATE,SECONDARY,CURRENT
-79.7279768327948,43.7493787105192,,,,,,,-1,0,-1,,,211,204-9886 TORBRAM RD,KNOX BRIDGE SCHOOL,http://www.edu.gov.on.ca/eng/general/elemsec/privsch/,PRIVATE,SECONDARY,CURRENT
-79.7538564581115,43.7871458670577,,,,,,,-1,0,-1,,,212,60 LACOSTE BLVD,NORTHVIEW COLLEGIATE,http://www.edu.gov.on.ca/eng/general/elemsec/privsch/,PRIVATE,SECONDARY,CURRENT
-79.7384337967091,43.7510811641307,,,,,,,-1,0,-1,,,213,2250 BOVAIRD DR,NUCLEUS HIGH SCHOOL,http://www.edu.gov.on.ca/eng/general/elemsec/privsch/,PRIVATE,SECONDARY,CURRENT
-79.7279906969839,43.6630978606056,,,,,,,-1,0,-1,,,214,2 COUNTRY COURT BLVD,SIMCOE ACADEMY,http://www.edu.gov.on.ca/eng/general/elemsec/privsch/,PRIVATE,ELEMENTARY - SECONDARY,CURRENT
-79.7948311328059,43.6660761462633,,,,,,,-1,0,-1,,,215,145 JORDENSEN DR,SPRINGBROOK P.S.,http://www.peelschools.org,PUBLIC,ELEMENTARY,CURRENT
-79.8316587363075,43.6780282579653,,,,,,,-1,0,-1,,,216,25 AYLESBURY DR,AYLESBURY P.S.,http://www.peelschools.org,PUBLIC,ELEMENTARY,CURRENT
-79.6709903304004,43.794748733084,,,,,,,-1,0,-1,,,217,155 CASTLE OAKS CROSSING,CASTLE OAKS P.S.,http://www.peelschools.org,PUBLIC,ELEMENTARY,CURRENT
-79.8138831699334,43.6913996981596,,,,,,,-1,0,-1,,,218,10125 CHINGUACOUSY ROAD,NELSON MENDELA P.S.,http://www.peelschools.org,PUBLIC,ELEMENTARY,CURRENT
-79.7844408956481,43.7509934357179,,,,,,,-1,0,-1,,,219,40 ROSS DRIVE,ROSS DRIVE P.S.,http://www.peelschools.org,PUBLIC,ELEMENTARY,CURRENT
-79.8264466867978,43.6673160452198,,,,,,,-1,0,-1,,,220,500 ELBERN MARKELL DR,JEAN AUGUSTINE S.S.,http://www.peelschools.org,PUBLIC,SECONDARY,CURRENT
-79.771708009113,43.6352143074116,,,,,,,-1,0,-1,,,221,60 OLIVIA MARIE RD,ST ALPHONSA CATHOLIC E.S,http://www.dpcdsb.org/CEC,CATHOLIC,ELEMENTARY,CURRENT
-79.7875753588635,43.6309431216885,,,,,,,-1,0,-1,,,222,140 HOWARD STEWART RD,WHALEY'S CORNER P.S.,http://www.peelschools.org,PUBLIC,ELEMENTARY,CURRENT
